-- select GROUP_CONCAT(COLUMN_NAME SEPARATOR ', ') from INFORMATION_SCHEMA.COLUMNS where TABLE_NAME = 'STUDENT';

-- setting up users
-- USER (USERNAME, PASSWORD, ENABLED, TYPE)
INSERT INTO USER VALUES('admin','$2a$10$asuB2bRwltfI6iAngc/IQulP7nOdRFyIffPMuoSL//n7MZ9vVG4.S',TRUE,'U');
INSERT INTO USER VALUES('prof1','$2a$10$85y109H427fUnqdB52SGuuiseV8SJnupv0NPOOT7Ja8Oldeqwj7T6',TRUE,'U');
INSERT INTO USER VALUES('prof2','$2a$10$EN3DCjYZMec9UUI6gti9fuzotwcrPJjpdMLl7ikn5/yMV7cWfNNpW',TRUE,'U');
INSERT INTO USER VALUES('prof3','$2a$10$lEuIvtJTtebN8e.gNtpVXu9qN/TTsuFlXq1LO/zNyAOxjmjJ94zz.',TRUE,'U');
INSERT INTO USER VALUES('prof4','$2a$10$8ZoypH5TYiit2A8k5KW93.jSRJcqdjKHNMpe5B4BakgcbpBqtjwvS',TRUE,'U');
INSERT INTO USER VALUES('prof5','$2a$10$5WPohK1fz1NqKqPzby261e3OzhedpQ1jQ8xRuBQhu7QGydWjYQR8m',TRUE,'U');
INSERT INTO USER VALUES('student1','$2a$10$SQFaLtlcm5nu.YIoFUXuTuWhkoZ2v5LyF5u3GQbJHIOL6chmeEGTy',TRUE,'S');
INSERT INTO USER VALUES('student2','$2a$10$dCdtEm/YlPVNTvqIeoNLuO2IoW8BnRWNHOb53sv0aTDpg7pdKu9sS',TRUE,'S');
INSERT INTO USER VALUES('student3','$2a$10$bMyRz1RPqfKUJV1.sSpaCeD6Jj1OyALYTEqQbIDeZ1/0.o9GvAqHq',TRUE,'S');
INSERT INTO USER VALUES('student4','$2a$10$eVOigGqDblyuRMEjJNGDheP8LnFov0RQRZsEMq.o2iEzKDucWoLt6',TRUE,'S');
INSERT INTO USER VALUES('student5','$2a$10$asuB2bRwltfI6iAngc/IQulP7nOdRFyIffPMuoSL//n7MZ9vVG4.S',TRUE,'S');
-- USER_ROLE (USER_USERNAME, USER_ROLE_ID)
INSERT INTO USER_ROLE VALUES('admin','ROLE_ADMIN');
INSERT INTO USER_ROLE VALUES('prof1','ROLE_PROFESSOR');
INSERT INTO USER_ROLE VALUES('prof2','ROLE_PROFESSOR');
INSERT INTO USER_ROLE VALUES('prof3','ROLE_PROFESSOR');
INSERT INTO USER_ROLE VALUES('prof4','ROLE_PROFESSOR');
INSERT INTO USER_ROLE VALUES('prof5','ROLE_PROFESSOR');
INSERT INTO USER_ROLE VALUES('student1','ROLE_STUDENT');
INSERT INTO USER_ROLE VALUES('student2','ROLE_STUDENT');
INSERT INTO USER_ROLE VALUES('student3','ROLE_STUDENT');
INSERT INTO USER_ROLE VALUES('student4','ROLE_STUDENT');
INSERT INTO USER_ROLE VALUES('student5','ROLE_STUDENT');
-- STUDENT (USERNAME, ORIGIN)
INSERT INTO STUDENT VALUES('student1','QUEBEC');
INSERT INTO STUDENT VALUES('student2','INTERNATIONAL');
INSERT INTO STUDENT VALUES('student3','CANADA');
INSERT INTO STUDENT VALUES('student4','QUEBEC');
INSERT INTO STUDENT VALUES('student5','INTERNATIONAL');

-- setting up courses
-- COURSE (ID, CODE, CREDITS, DESCRIPTION, NAME)
INSERT INTO COURSE VALUES(1,'INSE6260',4,'inse 6260 description','Software Quality Assurance');
INSERT INTO COURSE VALUES(2,'SOEN691',4,'soen 691 description','Topics on Software Engineering');
INSERT INTO COURSE VALUES(3,'SOEN6011',4,'dummy desc','Software Engineering Processes');
INSERT INTO COURSE VALUES(4,'SOEN 6471',4,'dummy desc','Advanced Software Architecture');
INSERT INTO COURSE VALUES(5,'COMP6961',1,'just one credit','Graduate Seminar in CS');
INSERT INTO COURSE VALUES(6,'SOEN6461',4,'dummy desc','Software Design Methodologies');
INSERT INTO COURSE VALUES(7,'SOEN6841',4,'dummy desc','Software Project Management');
-- COURSE_DATES (ID, SEASON, WEEK_DAYS, START_DATE, START_TIME, END_DATE, END_TIME, DISC_DATE)
INSERT INTO COURSE_DATES VALUES(1,'WINTER','-M-W---','2016-01-11','17:45:00','2016-04-15','20:15:00','2016-02-11');
INSERT INTO COURSE_DATES VALUES(2,'WINTER','--T-T--','2016-01-11','17:45:00','2016-04-15','20:15:00','2016-02-11');
INSERT INTO COURSE_DATES VALUES(3,'SUMMER','-M-W---','2016-05-03','18:30:00','2016-06-15','21:00:00','2016-06-03');
INSERT INTO COURSE_DATES VALUES(4,'SUMMER','--T--F-','2016-05-03','18:30:00','2016-07-29','21:00:00','2016-06-03');
INSERT INTO COURSE_DATES VALUES(5,'FALL','--T-T--','2016-09-06','17:45:00','2016-12-05','20:15:00','2016-10-06');
INSERT INTO COURSE_DATES VALUES(6,'WINTER','-MT----','2017-01-09','17:45:00','2017-04-13','20:15:00','2017-02-09');
INSERT INTO COURSE_DATES VALUES(7,'WINTER','-MT----','2017-01-09','13:45:00','2017-04-13','16:15:00','2017-02-09');
INSERT INTO COURSE_DATES VALUES(8,'WINTER','----TF-','2017-01-09','17:45:00','2017-04-13','20:15:00','2017-02-09');
-- COURSE_ENTRY (ID, SIZE, COURSE_ID, PREREQ_1_ID, PREREQ_2_ID, BASE_COST, DATE_ID, PROFESSOR_USERNAME)
INSERT INTO COURSE_ENTRY VALUES(1,50,1,500.50,1,'prof1',-1,-1);
INSERT INTO COURSE_ENTRY VALUES(2,50,1,500.50,3,'prof1',-1,-1);
INSERT INTO COURSE_ENTRY VALUES(3,70,2,500.50,2,'prof1',-1,-1);
INSERT INTO COURSE_ENTRY VALUES(4,70,2,500.50,4,'prof1',-1,-1);
INSERT INTO COURSE_ENTRY VALUES(5,50,3,500.50,2,'prof2',-1,-1);
INSERT INTO COURSE_ENTRY VALUES(6,50,4,500.50,3,'prof2',-1,-1);
INSERT INTO COURSE_ENTRY VALUES(7,100,4,700.70,5,'prof3',-1,-1);
INSERT INTO COURSE_ENTRY VALUES(8,100,4,700.70,6,'prof3',-1,-1);
INSERT INTO COURSE_ENTRY VALUES(9,100,5,100.10,2,'prof4',-1,-1);
INSERT INTO COURSE_ENTRY VALUES(10,100,5,100.10,3,'prof4',-1,-1);
INSERT INTO COURSE_ENTRY VALUES(11,100,5,100.10,5,'prof4',-1,-1);
INSERT INTO COURSE_ENTRY VALUES(12,100,5,100.10,6,'prof4',-1,-1);
INSERT INTO COURSE_ENTRY VALUES(13,50,6,500.50,1,'prof4',-1,-1);
INSERT INTO COURSE_ENTRY VALUES(14,50,6,700.70,7,'prof4',-1,-1);
INSERT INTO COURSE_ENTRY VALUES(15,3,7,500.50,1,'prof5',-1,-1);
INSERT INTO COURSE_ENTRY VALUES(16,3,7,700.70,8,'prof5',-1,-1);
-- COURSE_ENTRY_STUDENTS (COURSE_ENTRY_ID, STUDENTS_USERNAME)
INSERT INTO COURSE_ENTRY_STUDENTS VALUES(1,'student1');
INSERT INTO COURSE_ENTRY_STUDENTS VALUES(3,'student1');
INSERT INTO COURSE_ENTRY_STUDENTS VALUES(2,'student2');
INSERT INTO COURSE_ENTRY_STUDENTS VALUES(2,'student3');
INSERT INTO COURSE_ENTRY_STUDENTS VALUES(5,'student3');
INSERT INTO COURSE_ENTRY_STUDENTS VALUES(8,'student3');
INSERT INTO COURSE_ENTRY_STUDENTS VALUES(8,'student4');
INSERT INTO COURSE_ENTRY_STUDENTS VALUES(16,'student4');
INSERT INTO COURSE_ENTRY_STUDENTS VALUES(4,'student5');
INSERT INTO COURSE_ENTRY_STUDENTS VALUES(16,'student5');

-- academic record entry
-- ACADEMIC_RECORD_ENTRY (ID, GRADE, STATUS, COURSE_ENTRY_ID)
INSERT INTO ACADEMIC_RECORD_ENTRY VALUES(1, 'A_PLUS', 'FINISHED', 1);
INSERT INTO ACADEMIC_RECORD_ENTRY VALUES(2, 'NOT_SET', 'REGISTERED', 3);
INSERT INTO ACADEMIC_RECORD_ENTRY VALUES(3, 'NOT_SET', 'REGISTERED', 2);
INSERT INTO ACADEMIC_RECORD_ENTRY VALUES(4, 'NOT_SET', 'REGISTERED', 2);
INSERT INTO ACADEMIC_RECORD_ENTRY VALUES(5, 'NOT_SET', 'REGISTERED', 5);
INSERT INTO ACADEMIC_RECORD_ENTRY VALUES(6, 'NOT_SET', 'REGISTERED', 8);
INSERT INTO ACADEMIC_RECORD_ENTRY VALUES(7, 'NOT_SET', 'REGISTERED', 8);
INSERT INTO ACADEMIC_RECORD_ENTRY VALUES(8, 'NOT_SET', 'REGISTERED', 16);
INSERT INTO ACADEMIC_RECORD_ENTRY VALUES(9, 'NOT_SET', 'REGISTERED', 4);
INSERT INTO ACADEMIC_RECORD_ENTRY VALUES(10, 'NOT_SET', 'REGISTERED', 16);
-- STUDENT_ACADEMIC_RECORDS (STUDENT_USERNAME, ACADEMIC_RECORDS_ID)
INSERT INTO STUDENT_ACADEMIC_RECORDS VALUES('student1', 1);
INSERT INTO STUDENT_ACADEMIC_RECORDS VALUES('student1', 2);
INSERT INTO STUDENT_ACADEMIC_RECORDS VALUES('student2', 3);
INSERT INTO STUDENT_ACADEMIC_RECORDS VALUES('student3', 4);
INSERT INTO STUDENT_ACADEMIC_RECORDS VALUES('student3', 5);
INSERT INTO STUDENT_ACADEMIC_RECORDS VALUES('student3', 6);
INSERT INTO STUDENT_ACADEMIC_RECORDS VALUES('student4', 7);
INSERT INTO STUDENT_ACADEMIC_RECORDS VALUES('student4', 8);
INSERT INTO STUDENT_ACADEMIC_RECORDS VALUES('student5', 9);
INSERT INTO STUDENT_ACADEMIC_RECORDS VALUES('student5', 10);
