-- setting up users
INSERT INTO USER VALUES('admin','$2a$10$asuB2bRwltfI6iAngc/IQulP7nOdRFyIffPMuoSL//n7MZ9vVG4.S',TRUE,'U');
INSERT INTO USER VALUES('prof1','$2a$10$85y109H427fUnqdB52SGuuiseV8SJnupv0NPOOT7Ja8Oldeqwj7T6',TRUE,'U');
INSERT INTO USER VALUES('prof2','$2a$10$EN3DCjYZMec9UUI6gti9fuzotwcrPJjpdMLl7ikn5/yMV7cWfNNpW',TRUE,'U');
INSERT INTO USER VALUES('prof3','$2a$10$lEuIvtJTtebN8e.gNtpVXu9qN/TTsuFlXq1LO/zNyAOxjmjJ94zz.',TRUE,'U');
INSERT INTO USER VALUES('prof4','$2a$10$8ZoypH5TYiit2A8k5KW93.jSRJcqdjKHNMpe5B4BakgcbpBqtjwvS',TRUE,'U');
INSERT INTO USER VALUES('prof5','$2a$10$5WPohK1fz1NqKqPzby261e3OzhedpQ1jQ8xRuBQhu7QGydWjYQR8m',TRUE,'U');
INSERT INTO USER VALUES('student1','$2a$10$SQFaLtlcm5nu.YIoFUXuTuWhkoZ2v5LyF5u3GQbJHIOL6chmeEGTy',TRUE,'S');
INSERT INTO USER VALUES('student2','$2a$10$dCdtEm/YlPVNTvqIeoNLuO2IoW8BnRWNHOb53sv0aTDpg7pdKu9sS',TRUE,'S');
INSERT INTO USER VALUES('student3','$2a$10$bMyRz1RPqfKUJV1.sSpaCeD6Jj1OyALYTEqQbIDeZ1/0.o9GvAqHq',TRUE,'S');
INSERT INTO USER VALUES('student4','$2a$10$eVOigGqDblyuRMEjJNGDheP8LnFov0RQRZsEMq.o2iEzKDucWoLt6',TRUE,'S');
INSERT INTO USER VALUES('student5','$2a$10$asuB2bRwltfI6iAngc/IQulP7nOdRFyIffPMuoSL//n7MZ9vVG4.S',TRUE,'S');
INSERT INTO USER_ROLE VALUES('admin','ROLE_ADMIN');
INSERT INTO USER_ROLE VALUES('prof1','ROLE_PROFESSOR');
INSERT INTO USER_ROLE VALUES('prof2','ROLE_PROFESSOR');
INSERT INTO USER_ROLE VALUES('prof3','ROLE_PROFESSOR');
INSERT INTO USER_ROLE VALUES('prof4','ROLE_PROFESSOR');
INSERT INTO USER_ROLE VALUES('prof5','ROLE_PROFESSOR');
INSERT INTO USER_ROLE VALUES('student1','ROLE_STUDENT');
INSERT INTO STUDENT VALUES('student1','QUEBEC');
INSERT INTO USER_ROLE VALUES('student2','ROLE_STUDENT');
INSERT INTO STUDENT VALUES('student2','INTERNATIONAL');
INSERT INTO USER_ROLE VALUES('student3','ROLE_STUDENT');
INSERT INTO STUDENT VALUES('student3','CANADA');
INSERT INTO USER_ROLE VALUES('student4','ROLE_STUDENT');
INSERT INTO STUDENT VALUES('student4','QUEBEC');
INSERT INTO USER_ROLE VALUES('student5','ROLE_STUDENT');
INSERT INTO STUDENT VALUES('student5','INTERNATIONAL');

-- setting up courses
INSERT INTO COURSE VALUES(1,'INSE6260',4,'inse 6260 description','Software Quality Assurance');
INSERT INTO COURSE VALUES(2,'SOEN691',4,'soen 691 description','Topics on Software Engineering');
INSERT INTO COURSE VALUES(3,'SOEN6011',4,'dummy desc','Software Engineering Processes');
INSERT INTO COURSE VALUES(4,'SOEN 6471',4,'dummy desc','Advanced Software Architecture');
INSERT INTO COURSE_DATES VALUES(1,'SUMMER','-M-W---','2016-05-03','18:30:00','2016-06-15','21:00:00');
INSERT INTO COURSE_DATES VALUES(2,'FALL','--T-T--','2016-09-06','17:45:00','2016-12-05','20:15:00');
INSERT INTO COURSE_ENTRY VALUES(1,50,1,700.70,1,'prof1');
INSERT INTO COURSE_ENTRY VALUES(2,50,2,500.50,2,'prof1');
INSERT INTO COURSE_ENTRY VALUES(3,70,3,500.50,2,'prof1');
INSERT INTO COURSE_ENTRY VALUES(4,50,4,500.50,2,'prof2');
INSERT INTO COURSE_ENTRY_STUDENTS VALUES(1,'student1');
INSERT INTO COURSE_ENTRY_STUDENTS VALUES(3,'student1');

-- academic record entry
INSERT INTO ACADEMIC_RECORD_ENTRY VALUES(1, 'A_PLUS', 'FINISHED', 1);
INSERT INTO ACADEMIC_RECORD_ENTRY VALUES(2, 'NOT_SET', 'REGISTERED', 3);
INSERT INTO STUDENT_ACADEMIC_RECORDS VALUES('student1', 1);
INSERT INTO STUDENT_ACADEMIC_RECORDS VALUES('student1', 2);

