-- setting up users
INSERT INTO USER VALUES('admin','1234',TRUE,'U');
INSERT INTO USER VALUES('prof1','1234',TRUE,'U');
INSERT INTO USER VALUES('prof2','1234',TRUE,'U');
INSERT INTO USER VALUES('student1','1234',TRUE,'S');
INSERT INTO USER VALUES('student2','1234',TRUE,'S');
INSERT INTO USER_ROLE VALUES('admin','ROLE_ADMIN');
INSERT INTO USER_ROLE VALUES('prof1','ROLE_PROFESSOR');
INSERT INTO USER_ROLE VALUES('prof2','ROLE_PROFESSOR');
INSERT INTO USER_ROLE VALUES('student1','ROLE_STUDENT');
INSERT INTO STUDENT VALUES('student1','QUEBEC');
INSERT INTO USER_ROLE VALUES('student2','ROLE_STUDENT');
INSERT INTO STUDENT VALUES('student2','INTERNATIONAL');

-- setting up courses
INSERT INTO COURSE VALUES(1,'INSE6260',4,'inse 6260 description','Software Quality Assurance');
INSERT INTO COURSE VALUES(2,'SOEN691',4,'soen 691 description','Topics on Software Engineering');
INSERT INTO COURSE VALUES(3,'SOEN6011',4,'dummy desc','Software Engineering Processes');
INSERT INTO COURSE VALUES(4,'SOEN 6471',4,'dummy desc','Advanced Software Architecture');
INSERT INTO COURSE_DATES VALUES(1,'SUMMER','-M-W---','2016-05-03','18:30:00','2016-06-15','21:00:00');
INSERT INTO COURSE_DATES VALUES(2,'FALL','--T-T--','2016-09-06','17:45:00','2016-12-05','20:15:00');
INSERT INTO COURSE_ENTRY VALUES(1,50,1,700.70,1,'prof1');
INSERT INTO COURSE_ENTRY VALUES(2,50,2,500.50,2,'prof1');
INSERT INTO COURSE_ENTRY VALUES(3,70,3,500.50,2,'prof1');
INSERT INTO COURSE_ENTRY VALUES(4,50,4,500.50,2,'prof2');
INSERT INTO COURSE_ENTRY_STUDENTS VALUES(1,'student1');
INSERT INTO COURSE_ENTRY_STUDENTS VALUES(3,'student1');

-- academic record entry
INSERT INTO ACADEMIC_RECORD_ENTRY VALUES(1, 'A_PLUS', 'FINISHED', 1);
INSERT INTO ACADEMIC_RECORD_ENTRY VALUES(2, 'NOT_SET', 'REGISTERED', 3);
INSERT INTO STUDENT_ACADEMIC_RECORDS VALUES('student1', 1);
INSERT INTO STUDENT_ACADEMIC_RECORDS VALUES('student1', 2);

