-- setting up users
INSERT INTO USER VALUES('admin','1234',TRUE,'U');
INSERT INTO USER VALUES('prof1','1234',TRUE,'U');
INSERT INTO USER VALUES('prof2','1234',TRUE,'U');
INSERT INTO USER VALUES('prof3','1234',TRUE,'U');
INSERT INTO USER VALUES('prof4','1234',TRUE,'U');
INSERT INTO USER VALUES('prof5','1234',TRUE,'U');
INSERT INTO USER VALUES('student1','1234',TRUE,'S');
INSERT INTO USER VALUES('student2','1234',TRUE,'S');
INSERT INTO USER VALUES('student3','1234',TRUE,'S');
INSERT INTO USER VALUES('student4','1234',TRUE,'S');
INSERT INTO USER VALUES('student5','1234',TRUE,'S');
INSERT INTO USER_ROLE VALUES('admin','ROLE_ADMIN');
INSERT INTO USER_ROLE VALUES('prof1','ROLE_PROFESSOR');
INSERT INTO USER_ROLE VALUES('prof2','ROLE_PROFESSOR');
INSERT INTO USER_ROLE VALUES('prof3','ROLE_PROFESSOR');
INSERT INTO USER_ROLE VALUES('prof4','ROLE_PROFESSOR');
INSERT INTO USER_ROLE VALUES('prof5','ROLE_PROFESSOR');
INSERT INTO USER_ROLE VALUES('student1','ROLE_STUDENT');
INSERT INTO STUDENT VALUES('student1','QUEBEC');
INSERT INTO USER_ROLE VALUES('student2','ROLE_STUDENT');
INSERT INTO STUDENT VALUES('student2','INTERNATIONAL');
INSERT INTO USER_ROLE VALUES('student3','ROLE_STUDENT');
INSERT INTO STUDENT VALUES('student3','CANADA');
INSERT INTO USER_ROLE VALUES('student4','ROLE_STUDENT');
INSERT INTO STUDENT VALUES('student4','QUEBEC');
INSERT INTO USER_ROLE VALUES('student5','ROLE_STUDENT');
INSERT INTO STUDENT VALUES('student5','INTERNATIONAL');

-- setting up courses
INSERT INTO COURSE VALUES(1,'INSE6260',4,'inse 6260 description','Software Quality Assurance');
INSERT INTO COURSE VALUES(2,'SOEN691',4,'soen 691 description','Topics on Software Engineering');
INSERT INTO COURSE VALUES(3,'SOEN6011',4,'dummy desc','Software Engineering Processes');
INSERT INTO COURSE VALUES(4,'SOEN 6471',4,'dummy desc','Advanced Software Architecture');
INSERT INTO COURSE VALUES(5,'COMP6961',1,'just one credit','Graduate Seminar in CS');
INSERT INTO COURSE VALUES(6,'SOEN6461',4,'dummy desc','Software Design Methodologies');
INSERT INTO COURSE VALUES(7,'SOEN6841',4,'dummy desc','Software Project Management');
INSERT INTO COURSE_DATES VALUES(1,'SUMMER','-M-W---','2016-05-03','18:30:00','2016-06-15','21:00:00');
INSERT INTO COURSE_DATES VALUES(2,'FALL','--T-T--','2016-09-06','17:45:00','2016-12-05','20:15:00');
INSERT INTO COURSE_DATES VALUES(3,'WINTER','-MT----','2017-01-09','17:45:00','2017-04-13','20:15:00');
INSERT INTO COURSE_ENTRY VALUES(1,50,1,700.70,1,'prof1');
INSERT INTO COURSE_ENTRY VALUES(2,50,2,500.50,2,'prof1');
INSERT INTO COURSE_ENTRY VALUES(3,70,3,500.50,2,'prof1');
INSERT INTO COURSE_ENTRY VALUES(4,50,4,500.50,2,'prof2');
INSERT INTO COURSE_ENTRY VALUES(5,100,5,100.10,1,'prof3');
INSERT INTO COURSE_ENTRY VALUES(6,100,5,100.10,2,'prof3');
INSERT INTO COURSE_ENTRY VALUES(7,100,5,100.10,3,'prof3');
INSERT INTO COURSE_ENTRY VALUES(8,50,6,500.50,3,'prof4');
INSERT INTO COURSE_ENTRY VALUES(9,50,7,500.50,2,'prof5');
INSERT INTO COURSE_ENTRY_STUDENTS VALUES(1,'student1');
INSERT INTO COURSE_ENTRY_STUDENTS VALUES(3,'student1');
INSERT INTO COURSE_ENTRY_STUDENTS VALUES(5,'student3');
INSERT INTO COURSE_ENTRY_STUDENTS VALUES(8,'student3');
INSERT INTO COURSE_ENTRY_STUDENTS VALUES(8,'student4');

-- academic record entry
INSERT INTO ACADEMIC_RECORD_ENTRY VALUES(1, 'A_PLUS', 'FINISHED', 1);
INSERT INTO ACADEMIC_RECORD_ENTRY VALUES(2, 'NOT_SET', 'REGISTERED', 3);
INSERT INTO ACADEMIC_RECORD_ENTRY VALUES(3, 'NOT_SET', 'REGISTERED', 5);
INSERT INTO ACADEMIC_RECORD_ENTRY VALUES(4, 'NOT_SET', 'REGISTERED', 8);
INSERT INTO ACADEMIC_RECORD_ENTRY VALUES(5, 'NOT_SET', 'REGISTERED', 8);
INSERT INTO STUDENT_ACADEMIC_RECORDS VALUES('student1', 1);
INSERT INTO STUDENT_ACADEMIC_RECORDS VALUES('student1', 2);
INSERT INTO STUDENT_ACADEMIC_RECORDS VALUES('student3', 3);
INSERT INTO STUDENT_ACADEMIC_RECORDS VALUES('student3', 4);
INSERT INTO STUDENT_ACADEMIC_RECORDS VALUES('student4', 5);

